{"properties":{"connectionReferences":{"shared_flowpush":{"runtimeSource":"embedded","connection":{},"api":{"name":"shared_flowpush"}}},"definition":{"$schema":"https://schema.management.azure.com/providers/Microsoft.Logic/schemas/2016-06-01/workflowdefinition.json#","contentVersion":"1.0.0.0","parameters":{"$connections":{"defaultValue":{},"type":"Object"},"$authentication":{"defaultValue":{},"type":"SecureObject"}},"triggers":{"Recurrence":{"recurrence":{"frequency":"Month","interval":1,"timeZone":"GMT Standard Time","startTime":"2019-12-13T08:00:00Z"},"type":"Recurrence"}},"actions":{"Initialize_variable":{"runAfter":{},"type":"InitializeVariable","inputs":{"variables":[{"name":"todo","type":"Array","value":["Start the coffee, set out 4 cups","pour two cups","light the candles","deliver the coffee to mom and dad","return to kitchen, fill two more cups","relight the candles","deliver the coffee to sister and Brother","return to kitchen, take a break"]}]}},"Apply_to_each":{"foreach":"@variables('todo')","actions":{"Append_to_array_variable":{"runAfter":{},"type":"AppendToArrayVariable","inputs":{"name":"todo","value":"@items('Apply_to_each')"}},"Condition":{"actions":{"Send_me_a_mobile_notification_2":{"runAfter":{},"metadata":{"flowSystemMetadata":{"swaggerOperationId":"SendNotification"}},"type":"ApiConnection","inputs":{"host":{"connection":{"name":"@parameters('$connections')['shared_flowpush']['connectionId']"}},"method":"post","body":{"notificationText":"Start the coffee, set out 4 cups"},"path":"/sendNotification","authentication":"@parameters('$authentication')"}}},"runAfter":{"Append_to_array_variable":["Succeeded"]},"else":{"actions":{"Condition_2":{"actions":{"Delay":{"runAfter":{},"type":"Wait","inputs":{"interval":{"count":25,"unit":"Minute"}}},"Send_me_a_mobile_notification":{"runAfter":{"Delay":["Succeeded"]},"metadata":{"flowSystemMetadata":{"swaggerOperationId":"SendNotification"}},"type":"ApiConnection","inputs":{"host":{"connection":{"name":"@parameters('$connections')['shared_flowpush']['connectionId']"}},"method":"post","body":{"notificationText":"pour two cups"},"path":"/sendNotification","authentication":"@parameters('$authentication')"}}},"runAfter":{},"else":{"actions":{"Condition_3":{"actions":{"Delay_2":{"runAfter":{},"type":"Wait","inputs":{"interval":{"count":5,"unit":"Minute"}}},"Send_me_a_mobile_notification_3":{"runAfter":{"Delay_2":["Succeeded"]},"metadata":{"flowSystemMetadata":{"swaggerOperationId":"SendNotification"}},"type":"ApiConnection","inputs":{"host":{"connection":{"name":"@parameters('$connections')['shared_flowpush']['connectionId']"}},"method":"post","body":{"notificationText":"light the candles"},"path":"/sendNotification","authentication":"@parameters('$authentication')"}}},"runAfter":{},"else":{"actions":{"Condition_4":{"actions":{"Delay_3":{"runAfter":{},"type":"Wait","inputs":{"interval":{"count":5,"unit":"Minute"}}},"Send_me_a_mobile_notification_4":{"runAfter":{"Delay_3":["Succeeded"]},"metadata":{"flowSystemMetadata":{"swaggerOperationId":"SendNotification"}},"type":"ApiConnection","inputs":{"host":{"connection":{"name":"@parameters('$connections')['shared_flowpush']['connectionId']"}},"method":"post","body":{"notificationText":"deliver the coffee to mom and dad"},"path":"/sendNotification","authentication":"@parameters('$authentication')"}}},"runAfter":{},"else":{"actions":{"Condition_5":{"actions":{"Delay_4":{"runAfter":{},"type":"Wait","inputs":{"interval":{"count":4,"unit":"Minute"}}},"Send_me_a_mobile_notification_5":{"runAfter":{"Delay_4":["Succeeded"]},"metadata":{"flowSystemMetadata":{"swaggerOperationId":"SendNotification"}},"type":"ApiConnection","inputs":{"host":{"connection":{"name":"@parameters('$connections')['shared_flowpush']['connectionId']"}},"method":"post","body":{"notificationText":"return to kitchen, fill two more cups"},"path":"/sendNotification","authentication":"@parameters('$authentication')"}}},"runAfter":{},"else":{"actions":{"Condition_6":{"actions":{"Delay_5":{"runAfter":{},"type":"Wait","inputs":{"interval":{"count":1,"unit":"Minute"}}},"Send_me_a_mobile_notification_6":{"runAfter":{"Delay_5":["Succeeded"]},"metadata":{"flowSystemMetadata":{"swaggerOperationId":"SendNotification"}},"type":"ApiConnection","inputs":{"host":{"connection":{"name":"@parameters('$connections')['shared_flowpush']['connectionId']"}},"method":"post","body":{"notificationText":"relight the candles"},"path":"/sendNotification","authentication":"@parameters('$authentication')"}}},"runAfter":{},"else":{"actions":{"Condition_7":{"actions":{"Delay_6":{"runAfter":{},"type":"Wait","inputs":{"interval":{"count":5,"unit":"Minute"}}},"Send_me_a_mobile_notification_7":{"runAfter":{"Delay_6":["Succeeded"]},"metadata":{"flowSystemMetadata":{"swaggerOperationId":"SendNotification"}},"type":"ApiConnection","inputs":{"host":{"connection":{"name":"@parameters('$connections')['shared_flowpush']['connectionId']"}},"method":"post","body":{"notificationText":"deliver the coffee to sister and Brother"},"path":"/sendNotification","authentication":"@parameters('$authentication')"}}},"runAfter":{},"else":{"actions":{"Delay_7":{"runAfter":{},"type":"Wait","inputs":{"interval":{"count":4,"unit":"Minute"}}},"Send_me_a_mobile_notification_8":{"runAfter":{"Delay_7":["Succeeded"]},"metadata":{"flowSystemMetadata":{"swaggerOperationId":"SendNotification"}},"type":"ApiConnection","inputs":{"host":{"connection":{"name":"@parameters('$connections')['shared_flowpush']['connectionId']"}},"method":"post","body":{"notificationText":"return to kitchen, take a break"},"path":"/sendNotification","authentication":"@parameters('$authentication')"}}}},"expression":{"equals":["@items('Apply_to_each')","deliver the coffee to sister and Brother"]},"type":"If"}}},"expression":{"equals":["@items('Apply_to_each')","relight the candles"]},"type":"If"}}},"expression":{"equals":["@items('Apply_to_each')","return to kitchen, fill two more cups"]},"type":"If"}}},"expression":{"equals":["@items('Apply_to_each')","deliver the coffee to mom and dad"]},"type":"If"}}},"expression":{"equals":["@items('Apply_to_each')","light the candles"]},"type":"If"}}},"expression":{"equals":["@items('Apply_to_each')","pour two cups"]},"type":"If"}}},"expression":{"equals":["@items('Apply_to_each')","Start the coffee, set out 4 cups"]},"type":"If"}},"runAfter":{"Initialize_variable":["Succeeded"]},"type":"Foreach"}},"outputs":{}}},"schemaVersion":"1.0.0.0"}