{"name":"74941db0-5213-4f7e-af04-2a86e1124476","id":"/providers/Microsoft.Flow/flows/74941db0-5213-4f7e-af04-2a86e1124476","type":"Microsoft.Flow/flows","properties":{"apiId":"/providers/Microsoft.PowerApps/apis/shared_logicflows","displayName":"Dreidel","definition":{"metadata":{"workflowEntityId":null,"creator":{"id":"d3e1d5d6-16c9-4952-a321-4f0f81c8a384","type":"User","tenantId":"74aca940-11d1-4031-b1cf-462abd1911c1"},"provisioningMethod":"FromDefinition","failureAlertSubscription":true,"clientLastModifiedTime":"2019-12-01T08:51:41.3794784Z"},"$schema":"https://schema.management.azure.com/providers/Microsoft.Logic/schemas/2016-06-01/workflowdefinition.json#","contentVersion":"1.0.0.0","parameters":{"$authentication":{"defaultValue":{},"type":"SecureObject"}},"triggers":{"manual":{"type":"Request","kind":"PowerApp","inputs":{"schema":{"type":"object","properties":{},"required":[]}}}},"actions":{"Get_Items":{"runAfter":{},"type":"InitializeVariable","inputs":{"variables":[{"name":"spin","type":"Array","value":[" נ","ג","ה","ש"]}]}},"Respond_to_a_PowerApp_or_flow":{"runAfter":{"Play":["Succeeded"]},"type":"Response","kind":"PowerApp","inputs":{"statusCode":200,"body":{"value":"@{outputs('Play')}"},"schema":{"type":"object","properties":{"value":{"title":"value","x-ms-dynamically-added":true,"type":"string"}}}}},"Play":{"runAfter":{"Get_Items":["Succeeded"]},"type":"Compose","inputs":"@variables('spin')[rand(0,length(variables('spin')))]"}}},"connectionReferences":{},"flowFailureAlertSubscribed":false}}