{"properties":{"connectionReferences":{"shared_onedriveforbusiness":{"runtimeSource":"embedded","connection":{},"api":{"name":"shared_onedriveforbusiness"}}},"definition":{"$schema":"https://schema.management.azure.com/providers/Microsoft.Logic/schemas/2016-06-01/workflowdefinition.json#","contentVersion":"1.0.0.0","parameters":{"$connections":{"defaultValue":{},"type":"Object"},"$authentication":{"defaultValue":{},"type":"SecureObject"}},"triggers":{"manual":{"type":"Request","kind":"Http","inputs":{"schema":{},"method":"POST"}}},"actions":{"Parse_JSON":{"runAfter":{},"type":"ParseJson","inputs":{"content":"@triggerBody()","schema":{"type":"object","properties":{"type":{"type":"string"},"properties":{"type":"object","properties":{"$schema":{"type":"object","properties":{"type":{"type":"string"}}},"type":{"type":"object","properties":{"type":{"type":"string"}}},"properties":{"type":"object","properties":{"type":{"type":"string"},"properties":{"type":"object","properties":{"ref":{"type":"object","properties":{"type":{"type":"string"},"properties":{"type":"object","properties":{"type":{"type":"object","properties":{"type":{"type":"string"}}}}}}},"before":{"type":"object","properties":{"type":{"type":"string"},"properties":{"type":"object","properties":{"type":{"type":"object","properties":{"type":{"type":"string"}}}}}}},"after":{"type":"object","properties":{"type":{"type":"string"},"properties":{"type":"object","properties":{"type":{"type":"object","properties":{"type":{"type":"string"}}}}}}},"repository":{"type":"object","properties":{"type":{"type":"string"},"properties":{"type":"object","properties":{"type":{"type":"object","properties":{"type":{"type":"string"}}},"properties":{"type":"object","properties":{"type":{"type":"string"},"properties":{"type":"object","properties":{"id":{"type":"object","properties":{"type":{"type":"string"},"properties":{"type":"object","properties":{"type":{"type":"object","properties":{"type":{"type":"string"}}}}}}},"node_id":{"type":"object","properties":{"type":{"type":"string"},"properties":{"type":"object","properties":{"type":{"type":"object","properties":{"type":{"type":"string"}}}}}}},"name":{"type":"object","properties":{"type":{"type":"string"},"properties":{"type":"object","properties":{"type":{"type":"object","properties":{"type":{"type":"string"}}}}}}},"full_name":{"type":"object","properties":{"type":{"type":"string"},"properties":{"type":"object","properties":{"type":{"type":"object","properties":{"type":{"type":"string"}}}}}}},"private":{"type":"object","properties":{"type":{"type":"string"},"properties":{"type":"object","properties":{"type":{"type":"object","properties":{"type":{"type":"string"}}}}}}},"owner":{"type":"object","properties":{"type":{"type":"string"},"properties":{"type":"object","properties":{"type":{"type":"object","properties":{"type":{"type":"string"}}},"properties":{"type":"object","properties":{"type":{"type":"string"},"properties":{"type":"object","properties":{"name":{"type":"object","properties":{"type":{"type":"string"},"properties":{"type":"object","properties":{"type":{"type":"object","properties":{"type":{"type":"string"}}}}}}},"email":{"type":"object","properties":{"type":{"type":"string"},"properties":{"type":"object","properties":{"type":{"type":"object","properties":{"type":{"type":"string"}}}}}}},"login":{"type":"object","properties":{"type":{"type":"string"},"properties":{"type":"object","properties":{"type":{"type":"object","properties":{"type":{"type":"string"}}}}}}},"id":{"type":"object","properties":{"type":{"type":"string"},"properties":{"type":"object","properties":{"type":{"type":"object","properties":{"type":{"type":"string"}}}}}}},"node_id":{"type":"object","properties":{"type":{"type":"string"},"properties":{"type":"object","properties":{"type":{"type":"object","properties":{"type":{"type":"string"}}}}}}},"avatar_url":{"type":"object","properties":{"type":{"type":"string"},"properties":{"type":"object","properties":{"type":{"type":"object","properties":{"type":{"type":"string"}}}}}}},"gravatar_id":{"type":"object","properties":{"type":{"type":"string"},"properties":{"type":"object","properties":{"type":{"type":"object","properties":{"type":{"type":"string"}}}}}}},"url":{"type":"object","properties":{"type":{"type":"string"},"properties":{"type":"object","properties":{"type":{"type":"object","properties":{"type":{"type":"string"}}}}}}},"html_url":{"type":"object","properties":{"type":{"type":"string"},"properties":{"type":"object","properties":{"type":{"type":"object","properties":{"type":{"type":"string"}}}}}}},"followers_url":{"type":"object","properties":{"type":{"type":"string"},"properties":{"type":"object","properties":{"type":{"type":"object","properties":{"type":{"type":"string"}}}}}}},"following_url":{"type":"object","properties":{"type":{"type":"string"},"properties":{"type":"object","properties":{"type":{"type":"object","properties":{"type":{"type":"string"}}}}}}},"gists_url":{"type":"object","properties":{"type":{"type":"string"},"properties":{"type":"object","properties":{"type":{"type":"object","properties":{"type":{"type":"string"}}}}}}},"starred_url":{"type":"object","properties":{"type":{"type":"string"},"properties":{"type":"object","properties":{"type":{"type":"object","properties":{"type":{"type":"string"}}}}}}},"subscriptions_url":{"type":"object","properties":{"type":{"type":"string"},"properties":{"type":"object","properties":{"type":{"type":"object","properties":{"type":{"type":"string"}}}}}}},"organizations_url":{"type":"object","properties":{"type":{"type":"string"},"properties":{"type":"object","properties":{"type":{"type":"object","properties":{"type":{"type":"string"}}}}}}},"repos_url":{"type":"object","properties":{"type":{"type":"string"},"properties":{"type":"object","properties":{"type":{"type":"object","properties":{"type":{"type":"string"}}}}}}},"events_url":{"type":"object","properties":{"type":{"type":"string"},"properties":{"type":"object","properties":{"type":{"type":"object","properties":{"type":{"type":"string"}}}}}}},"received_events_url":{"type":"object","properties":{"type":{"type":"string"},"properties":{"type":"object","properties":{"type":{"type":"object","properties":{"type":{"type":"string"}}}}}}},"type":{"type":"object","properties":{"type":{"type":"string"},"properties":{"type":"object","properties":{"type":{"type":"object","properties":{"type":{"type":"string"}}}}}}},"site_admin":{"type":"object","properties":{"type":{"type":"string"},"properties":{"type":"object","properties":{"type":{"type":"object","properties":{"type":{"type":"string"}}}}}}}}}}},"required":{"type":"object","properties":{"type":{"type":"string"},"items":{"type":"object","properties":{"type":{"type":"string"}}}}}}}}},"html_url":{"type":"object","properties":{"type":{"type":"string"},"properties":{"type":"object","properties":{"type":{"type":"object","properties":{"type":{"type":"string"}}}}}}},"description":{"type":"object","properties":{"type":{"type":"string"},"properties":{"type":"object","properties":{"type":{"type":"object","properties":{"type":{"type":"string"}}}}}}},"fork":{"type":"object","properties":{"type":{"type":"string"},"properties":{"type":"object","properties":{"type":{"type":"object","properties":{"type":{"type":"string"}}}}}}},"url":{"type":"object","properties":{"type":{"type":"string"},"properties":{"type":"object","properties":{"type":{"type":"object","properties":{"type":{"type":"string"}}}}}}},"forks_url":{"type":"object","properties":{"type":{"type":"string"},"properties":{"type":"object","properties":{"type":{"type":"object","properties":{"type":{"type":"string"}}}}}}},"keys_url":{"type":"object","properties":{"type":{"type":"string"},"properties":{"type":"object","properties":{"type":{"type":"object","properties":{"type":{"type":"string"}}}}}}},"collaborators_url":{"type":"object","properties":{"type":{"type":"string"},"properties":{"type":"object","properties":{"type":{"type":"object","properties":{"type":{"type":"string"}}}}}}},"teams_url":{"type":"object","properties":{"type":{"type":"string"},"properties":{"type":"object","properties":{"type":{"type":"object","properties":{"type":{"type":"string"}}}}}}},"hooks_url":{"type":"object","properties":{"type":{"type":"string"},"properties":{"type":"object","properties":{"type":{"type":"object","properties":{"type":{"type":"string"}}}}}}},"issue_events_url":{"type":"object","properties":{"type":{"type":"string"},"properties":{"type":"object","properties":{"type":{"type":"object","properties":{"type":{"type":"string"}}}}}}},"events_url":{"type":"object","properties":{"type":{"type":"string"},"properties":{"type":"object","properties":{"type":{"type":"object","properties":{"type":{"type":"string"}}}}}}},"assignees_url":{"type":"object","properties":{"type":{"type":"string"},"properties":{"type":"object","properties":{"type":{"type":"object","properties":{"type":{"type":"string"}}}}}}},"branches_url":{"type":"object","properties":{"type":{"type":"string"},"properties":{"type":"object","properties":{"type":{"type":"object","properties":{"type":{"type":"string"}}}}}}},"tags_url":{"type":"object","properties":{"type":{"type":"string"},"properties":{"type":"object","properties":{"type":{"type":"object","properties":{"type":{"type":"string"}}}}}}},"blobs_url":{"type":"object","properties":{"type":{"type":"string"},"properties":{"type":"object","properties":{"type":{"type":"object","properties":{"type":{"type":"string"}}}}}}},"git_tags_url":{"type":"object","properties":{"type":{"type":"string"},"properties":{"type":"object","properties":{"type":{"type":"object","properties":{"type":{"type":"string"}}}}}}},"git_refs_url":{"type":"object","properties":{"type":{"type":"string"},"properties":{"type":"object","properties":{"type":{"type":"object","properties":{"type":{"type":"string"}}}}}}},"trees_url":{"type":"object","properties":{"type":{"type":"string"},"properties":{"type":"object","properties":{"type":{"type":"object","properties":{"type":{"type":"string"}}}}}}},"statuses_url":{"type":"object","properties":{"type":{"type":"string"},"properties":{"type":"object","properties":{"type":{"type":"object","properties":{"type":{"type":"string"}}}}}}},"languages_url":{"type":"object","properties":{"type":{"type":"string"},"properties":{"type":"object","properties":{"type":{"type":"object","properties":{"type":{"type":"string"}}}}}}},"stargazers_url":{"type":"object","properties":{"type":{"type":"string"},"properties":{"type":"object","properties":{"type":{"type":"object","properties":{"type":{"type":"string"}}}}}}},"contributors_url":{"type":"object","properties":{"type":{"type":"string"},"properties":{"type":"object","properties":{"type":{"type":"object","properties":{"type":{"type":"string"}}}}}}},"subscribers_url":{"type":"object","properties":{"type":{"type":"string"},"properties":{"type":"object","properties":{"type":{"type":"object","properties":{"type":{"type":"string"}}}}}}},"subscription_url":{"type":"object","properties":{"type":{"type":"string"},"properties":{"type":"object","properties":{"type":{"type":"object","properties":{"type":{"type":"string"}}}}}}},"commits_url":{"type":"object","properties":{"type":{"type":"string"},"properties":{"type":"object","properties":{"type":{"type":"object","properties":{"type":{"type":"string"}}}}}}},"git_commits_url":{"type":"object","properties":{"type":{"type":"string"},"properties":{"type":"object","properties":{"type":{"type":"object","properties":{"type":{"type":"string"}}}}}}},"comments_url":{"type":"object","properties":{"type":{"type":"string"},"properties":{"type":"object","properties":{"type":{"type":"object","properties":{"type":{"type":"string"}}}}}}},"issue_comment_url":{"type":"object","properties":{"type":{"type":"string"},"properties":{"type":"object","properties":{"type":{"type":"object","properties":{"type":{"type":"string"}}}}}}},"contents_url":{"type":"object","properties":{"type":{"type":"string"},"properties":{"type":"object","properties":{"type":{"type":"object","properties":{"type":{"type":"string"}}}}}}},"compare_url":{"type":"object","properties":{"type":{"type":"string"},"properties":{"type":"object","properties":{"type":{"type":"object","properties":{"type":{"type":"string"}}}}}}},"merges_url":{"type":"object","properties":{"type":{"type":"string"},"properties":{"type":"object","properties":{"type":{"type":"object","properties":{"type":{"type":"string"}}}}}}},"archive_url":{"type":"object","properties":{"type":{"type":"string"},"properties":{"type":"object","properties":{"type":{"type":"object","properties":{"type":{"type":"string"}}}}}}},"downloads_url":{"type":"object","properties":{"type":{"type":"string"},"properties":{"type":"object","properties":{"type":{"type":"object","properties":{"type":{"type":"string"}}}}}}},"issues_url":{"type":"object","properties":{"type":{"type":"string"},"properties":{"type":"object","properties":{"type":{"type":"object","properties":{"type":{"type":"string"}}}}}}},"pulls_url":{"type":"object","properties":{"type":{"type":"string"},"properties":{"type":"object","properties":{"type":{"type":"object","properties":{"type":{"type":"string"}}}}}}},"milestones_url":{"type":"object","properties":{"type":{"type":"string"},"properties":{"type":"object","properties":{"type":{"type":"object","properties":{"type":{"type":"string"}}}}}}},"notifications_url":{"type":"object","properties":{"type":{"type":"string"},"properties":{"type":"object","properties":{"type":{"type":"object","properties":{"type":{"type":"string"}}}}}}},"labels_url":{"type":"object","properties":{"type":{"type":"string"},"properties":{"type":"object","properties":{"type":{"type":"object","properties":{"type":{"type":"string"}}}}}}},"releases_url":{"type":"object","properties":{"type":{"type":"string"},"properties":{"type":"object","properties":{"type":{"type":"object","properties":{"type":{"type":"string"}}}}}}},"deployments_url":{"type":"object","properties":{"type":{"type":"string"},"properties":{"type":"object","properties":{"type":{"type":"object","properties":{"type":{"type":"string"}}}}}}},"created_at":{"type":"object","properties":{"type":{"type":"string"},"properties":{"type":"object","properties":{"type":{"type":"object","properties":{"type":{"type":"string"}}}}}}},"updated_at":{"type":"object","properties":{"type":{"type":"string"},"properties":{"type":"object","properties":{"type":{"type":"object","properties":{"type":{"type":"string"}}}}}}},"pushed_at":{"type":"object","properties":{"type":{"type":"string"},"properties":{"type":"object","properties":{"type":{"type":"object","properties":{"type":{"type":"string"}}}}}}},"git_url":{"type":"object","properties":{"type":{"type":"string"},"properties":{"type":"object","properties":{"type":{"type":"object","properties":{"type":{"type":"string"}}}}}}},"ssh_url":{"type":"object","properties":{"type":{"type":"string"},"properties":{"type":"object","properties":{"type":{"type":"object","properties":{"type":{"type":"string"}}}}}}},"clone_url":{"type":"object","properties":{"type":{"type":"string"},"properties":{"type":"object","properties":{"type":{"type":"object","properties":{"type":{"type":"string"}}}}}}},"svn_url":{"type":"object","properties":{"type":{"type":"string"},"properties":{"type":"object","properties":{"type":{"type":"object","properties":{"type":{"type":"string"}}}}}}},"homepage":{"type":"object","properties":{"type":{"type":"string"},"properties":{"type":"object","properties":{"type":{"type":"object","properties":{"type":{"type":"string"}}}}}}},"size":{"type":"object","properties":{"type":{"type":"string"},"properties":{"type":"object","properties":{"type":{"type":"object","properties":{"type":{"type":"string"}}}}}}},"stargazers_count":{"type":"object","properties":{"type":{"type":"string"},"properties":{"type":"object","properties":{"type":{"type":"object","properties":{"type":{"type":"string"}}}}}}},"watchers_count":{"type":"object","properties":{"type":{"type":"string"},"properties":{"type":"object","properties":{"type":{"type":"object","properties":{"type":{"type":"string"}}}}}}},"language":{"type":"object","properties":{"type":{"type":"string"},"properties":{"type":"object","properties":{"type":{"type":"object","properties":{"type":{"type":"string"}}}}}}},"has_issues":{"type":"object","properties":{"type":{"type":"string"},"properties":{"type":"object","properties":{"type":{"type":"object","properties":{"type":{"type":"string"}}}}}}},"has_projects":{"type":"object","properties":{"type":{"type":"string"},"properties":{"type":"object","properties":{"type":{"type":"object","properties":{"type":{"type":"string"}}}}}}},"has_downloads":{"type":"object","properties":{"type":{"type":"string"},"properties":{"type":"object","properties":{"type":{"type":"object","properties":{"type":{"type":"string"}}}}}}},"has_wiki":{"type":"object","properties":{"type":{"type":"string"},"properties":{"type":"object","properties":{"type":{"type":"object","properties":{"type":{"type":"string"}}}}}}},"has_pages":{"type":"object","properties":{"type":{"type":"string"},"properties":{"type":"object","properties":{"type":{"type":"object","properties":{"type":{"type":"string"}}}}}}},"forks_count":{"type":"object","properties":{"type":{"type":"string"},"properties":{"type":"object","properties":{"type":{"type":"object","properties":{"type":{"type":"string"}}}}}}},"mirror_url":{"type":"object","properties":{"type":{"type":"string"},"properties":{"type":"object","properties":{"type":{"type":"object","properties":{"type":{"type":"string"}}}}}}},"archived":{"type":"object","properties":{"type":{"type":"string"},"properties":{"type":"object","properties":{"type":{"type":"object","properties":{"type":{"type":"string"}}}}}}},"disabled":{"type":"object","properties":{"type":{"type":"string"},"properties":{"type":"object","properties":{"type":{"type":"object","properties":{"type":{"type":"string"}}}}}}},"open_issues_count":{"type":"object","properties":{"type":{"type":"string"},"properties":{"type":"object","properties":{"type":{"type":"object","properties":{"type":{"type":"string"}}}}}}},"license":{"type":"object","properties":{"type":{"type":"string"},"properties":{"type":"object","properties":{"type":{"type":"object","properties":{"type":{"type":"string"}}}}}}},"forks":{"type":"object","properties":{"type":{"type":"string"},"properties":{"type":"object","properties":{"type":{"type":"object","properties":{"type":{"type":"string"}}}}}}},"open_issues":{"type":"object","properties":{"type":{"type":"string"},"properties":{"type":"object","properties":{"type":{"type":"object","properties":{"type":{"type":"string"}}}}}}},"watchers":{"type":"object","properties":{"type":{"type":"string"},"properties":{"type":"object","properties":{"type":{"type":"object","properties":{"type":{"type":"string"}}}}}}},"default_branch":{"type":"object","properties":{"type":{"type":"string"},"properties":{"type":"object","properties":{"type":{"type":"object","properties":{"type":{"type":"string"}}}}}}},"stargazers":{"type":"object","properties":{"type":{"type":"string"},"properties":{"type":"object","properties":{"type":{"type":"object","properties":{"type":{"type":"string"}}}}}}},"master_branch":{"type":"object","properties":{"type":{"type":"string"},"properties":{"type":"object","properties":{"type":{"type":"object","properties":{"type":{"type":"string"}}}}}}}}}}},"required":{"type":"object","properties":{"type":{"type":"string"},"items":{"type":"object","properties":{"type":{"type":"string"}}}}}}}}},"pusher":{"type":"object","properties":{"type":{"type":"string"},"properties":{"type":"object","properties":{"type":{"type":"object","properties":{"type":{"type":"string"}}},"properties":{"type":"object","properties":{"type":{"type":"string"},"properties":{"type":"object","properties":{"name":{"type":"object","properties":{"type":{"type":"string"},"properties":{"type":"object","properties":{"type":{"type":"object","properties":{"type":{"type":"string"}}}}}}},"email":{"type":"object","properties":{"type":{"type":"string"},"properties":{"type":"object","properties":{"type":{"type":"object","properties":{"type":{"type":"string"}}}}}}}}}}},"required":{"type":"object","properties":{"type":{"type":"string"},"items":{"type":"object","properties":{"type":{"type":"string"}}}}}}}}},"sender":{"type":"object","properties":{"type":{"type":"string"},"properties":{"type":"object","properties":{"type":{"type":"object","properties":{"type":{"type":"string"}}},"properties":{"type":"object","properties":{"type":{"type":"string"},"properties":{"type":"object","properties":{"login":{"type":"object","properties":{"type":{"type":"string"},"properties":{"type":"object","properties":{"type":{"type":"object","properties":{"type":{"type":"string"}}}}}}},"id":{"type":"object","properties":{"type":{"type":"string"},"properties":{"type":"object","properties":{"type":{"type":"object","properties":{"type":{"type":"string"}}}}}}},"node_id":{"type":"object","properties":{"type":{"type":"string"},"properties":{"type":"object","properties":{"type":{"type":"object","properties":{"type":{"type":"string"}}}}}}},"avatar_url":{"type":"object","properties":{"type":{"type":"string"},"properties":{"type":"object","properties":{"type":{"type":"object","properties":{"type":{"type":"string"}}}}}}},"gravatar_id":{"type":"object","properties":{"type":{"type":"string"},"properties":{"type":"object","properties":{"type":{"type":"object","properties":{"type":{"type":"string"}}}}}}},"url":{"type":"object","properties":{"type":{"type":"string"},"properties":{"type":"object","properties":{"type":{"type":"object","properties":{"type":{"type":"string"}}}}}}},"html_url":{"type":"object","properties":{"type":{"type":"string"},"properties":{"type":"object","properties":{"type":{"type":"object","properties":{"type":{"type":"string"}}}}}}},"followers_url":{"type":"object","properties":{"type":{"type":"string"},"properties":{"type":"object","properties":{"type":{"type":"object","properties":{"type":{"type":"string"}}}}}}},"following_url":{"type":"object","properties":{"type":{"type":"string"},"properties":{"type":"object","properties":{"type":{"type":"object","properties":{"type":{"type":"string"}}}}}}},"gists_url":{"type":"object","properties":{"type":{"type":"string"},"properties":{"type":"object","properties":{"type":{"type":"object","properties":{"type":{"type":"string"}}}}}}},"starred_url":{"type":"object","properties":{"type":{"type":"string"},"properties":{"type":"object","properties":{"type":{"type":"object","properties":{"type":{"type":"string"}}}}}}},"subscriptions_url":{"type":"object","properties":{"type":{"type":"string"},"properties":{"type":"object","properties":{"type":{"type":"object","properties":{"type":{"type":"string"}}}}}}},"organizations_url":{"type":"object","properties":{"type":{"type":"string"},"properties":{"type":"object","properties":{"type":{"type":"object","properties":{"type":{"type":"string"}}}}}}},"repos_url":{"type":"object","properties":{"type":{"type":"string"},"properties":{"type":"object","properties":{"type":{"type":"object","properties":{"type":{"type":"string"}}}}}}},"events_url":{"type":"object","properties":{"type":{"type":"string"},"properties":{"type":"object","properties":{"type":{"type":"object","properties":{"type":{"type":"string"}}}}}}},"received_events_url":{"type":"object","properties":{"type":{"type":"string"},"properties":{"type":"object","properties":{"type":{"type":"object","properties":{"type":{"type":"string"}}}}}}},"type":{"type":"object","properties":{"type":{"type":"string"},"properties":{"type":"object","properties":{"type":{"type":"object","properties":{"type":{"type":"string"}}}}}}},"site_admin":{"type":"object","properties":{"type":{"type":"string"},"properties":{"type":"object","properties":{"type":{"type":"object","properties":{"type":{"type":"string"}}}}}}}}}}},"required":{"type":"object","properties":{"type":{"type":"string"},"items":{"type":"object","properties":{"type":{"type":"string"}}}}}}}}},"created":{"type":"object","properties":{"type":{"type":"string"},"properties":{"type":"object","properties":{"type":{"type":"object","properties":{"type":{"type":"string"}}}}}}},"deleted":{"type":"object","properties":{"type":{"type":"string"},"properties":{"type":"object","properties":{"type":{"type":"object","properties":{"type":{"type":"string"}}}}}}},"forced":{"type":"object","properties":{"type":{"type":"string"},"properties":{"type":"object","properties":{"type":{"type":"object","properties":{"type":{"type":"string"}}}}}}},"base_ref":{"type":"object","properties":{"type":{"type":"string"},"properties":{"type":"object","properties":{"type":{"type":"object","properties":{"type":{"type":"string"}}}}}}},"compare":{"type":"object","properties":{"type":{"type":"string"},"properties":{"type":"object","properties":{"type":{"type":"object","properties":{"type":{"type":"string"}}}}}}},"commits":{"type":"object","properties":{"type":{"type":"string"},"properties":{"type":"object","properties":{"type":{"type":"object","properties":{"type":{"type":"string"}}},"items":{"type":"object","properties":{"type":{"type":"string"},"items":{"type":"object","properties":{"type":{"type":"string"},"properties":{"type":"object","properties":{"type":{"type":"object","properties":{"type":{"type":"string"}}},"properties":{"type":"object","properties":{"type":{"type":"string"},"properties":{"type":"object","properties":{"id":{"type":"object","properties":{"type":{"type":"string"},"properties":{"type":"object","properties":{"type":{"type":"object","properties":{"type":{"type":"string"}}}}}}},"tree_id":{"type":"object","properties":{"type":{"type":"string"},"properties":{"type":"object","properties":{"type":{"type":"object","properties":{"type":{"type":"string"}}}}}}},"distinct":{"type":"object","properties":{"type":{"type":"string"},"properties":{"type":"object","properties":{"type":{"type":"object","properties":{"type":{"type":"string"}}}}}}},"message":{"type":"object","properties":{"type":{"type":"string"},"properties":{"type":"object","properties":{"type":{"type":"object","properties":{"type":{"type":"string"}}}}}}},"timestamp":{"type":"object","properties":{"type":{"type":"string"},"properties":{"type":"object","properties":{"type":{"type":"object","properties":{"type":{"type":"string"}}}}}}},"url":{"type":"object","properties":{"type":{"type":"string"},"properties":{"type":"object","properties":{"type":{"type":"object","properties":{"type":{"type":"string"}}}}}}},"author":{"type":"object","properties":{"type":{"type":"string"},"properties":{"type":"object","properties":{"type":{"type":"object","properties":{"type":{"type":"string"}}},"properties":{"type":"object","properties":{"type":{"type":"string"},"properties":{"type":"object","properties":{"name":{"type":"object","properties":{"type":{"type":"string"},"properties":{"type":"object","properties":{"type":{"type":"object","properties":{"type":{"type":"string"}}}}}}},"email":{"type":"object","properties":{"type":{"type":"string"},"properties":{"type":"object","properties":{"type":{"type":"object","properties":{"type":{"type":"string"}}}}}}},"username":{"type":"object","properties":{"type":{"type":"string"},"properties":{"type":"object","properties":{"type":{"type":"object","properties":{"type":{"type":"string"}}}}}}}}}}},"required":{"type":"object","properties":{"type":{"type":"string"},"items":{"type":"object","properties":{"type":{"type":"string"}}}}}}}}},"committer":{"type":"object","properties":{"type":{"type":"string"},"properties":{"type":"object","properties":{"type":{"type":"object","properties":{"type":{"type":"string"}}},"properties":{"type":"object","properties":{"type":{"type":"string"},"properties":{"type":"object","properties":{"name":{"type":"object","properties":{"type":{"type":"string"},"properties":{"type":"object","properties":{"type":{"type":"object","properties":{"type":{"type":"string"}}}}}}},"email":{"type":"object","properties":{"type":{"type":"string"},"properties":{"type":"object","properties":{"type":{"type":"object","properties":{"type":{"type":"string"}}}}}}},"username":{"type":"object","properties":{"type":{"type":"string"},"properties":{"type":"object","properties":{"type":{"type":"object","properties":{"type":{"type":"string"}}}}}}}}}}},"required":{"type":"object","properties":{"type":{"type":"string"},"items":{"type":"object","properties":{"type":{"type":"string"}}}}}}}}},"added":{"type":"object","properties":{"type":{"type":"string"},"properties":{"type":"object","properties":{"type":{"type":"object","properties":{"type":{"type":"string"}}},"items":{"type":"object","properties":{"type":{"type":"string"},"properties":{"type":"object","properties":{}}}}}}}},"removed":{"type":"object","properties":{"type":{"type":"string"},"properties":{"type":"object","properties":{"type":{"type":"object","properties":{"type":{"type":"string"}}},"items":{"type":"object","properties":{"type":{"type":"string"},"properties":{"type":"object","properties":{}}}}}}}},"modified":{"type":"object","properties":{"type":{"type":"string"},"properties":{"type":"object","properties":{"type":{"type":"object","properties":{"type":{"type":"string"}}},"items":{"type":"object","properties":{"type":{"type":"string"},"properties":{"type":"object","properties":{}}}}}}}}}}}},"required":{"type":"object","properties":{"type":{"type":"string"},"items":{"type":"object","properties":{"type":{"type":"string"}}}}}}},"required":{"type":"array","items":{"type":"string"}}}}}}}}}},"head_commit":{"type":"object","properties":{"type":{"type":"string"},"properties":{"type":"object","properties":{"type":{"type":"object","properties":{"type":{"type":"string"}}},"properties":{"type":"object","properties":{"type":{"type":"string"},"properties":{"type":"object","properties":{"id":{"type":"object","properties":{"type":{"type":"string"},"properties":{"type":"object","properties":{"type":{"type":"object","properties":{"type":{"type":"string"}}}}}}},"tree_id":{"type":"object","properties":{"type":{"type":"string"},"properties":{"type":"object","properties":{"type":{"type":"object","properties":{"type":{"type":"string"}}}}}}},"distinct":{"type":"object","properties":{"type":{"type":"string"},"properties":{"type":"object","properties":{"type":{"type":"object","properties":{"type":{"type":"string"}}}}}}},"message":{"type":"object","properties":{"type":{"type":"string"},"properties":{"type":"object","properties":{"type":{"type":"object","properties":{"type":{"type":"string"}}}}}}},"timestamp":{"type":"object","properties":{"type":{"type":"string"},"properties":{"type":"object","properties":{"type":{"type":"object","properties":{"type":{"type":"string"}}}}}}},"url":{"type":"object","properties":{"type":{"type":"string"},"properties":{"type":"object","properties":{"type":{"type":"object","properties":{"type":{"type":"string"}}}}}}},"author":{"type":"object","properties":{"type":{"type":"string"},"properties":{"type":"object","properties":{"type":{"type":"object","properties":{"type":{"type":"string"}}},"properties":{"type":"object","properties":{"type":{"type":"string"},"properties":{"type":"object","properties":{"name":{"type":"object","properties":{"type":{"type":"string"},"properties":{"type":"object","properties":{"type":{"type":"object","properties":{"type":{"type":"string"}}}}}}},"email":{"type":"object","properties":{"type":{"type":"string"},"properties":{"type":"object","properties":{"type":{"type":"object","properties":{"type":{"type":"string"}}}}}}},"username":{"type":"object","properties":{"type":{"type":"string"},"properties":{"type":"object","properties":{"type":{"type":"object","properties":{"type":{"type":"string"}}}}}}}}}}},"required":{"type":"object","properties":{"type":{"type":"string"},"items":{"type":"object","properties":{"type":{"type":"string"}}}}}}}}},"committer":{"type":"object","properties":{"type":{"type":"string"},"properties":{"type":"object","properties":{"type":{"type":"object","properties":{"type":{"type":"string"}}},"properties":{"type":"object","properties":{"type":{"type":"string"},"properties":{"type":"object","properties":{"name":{"type":"object","properties":{"type":{"type":"string"},"properties":{"type":"object","properties":{"type":{"type":"object","properties":{"type":{"type":"string"}}}}}}},"email":{"type":"object","properties":{"type":{"type":"string"},"properties":{"type":"object","properties":{"type":{"type":"object","properties":{"type":{"type":"string"}}}}}}},"username":{"type":"object","properties":{"type":{"type":"string"},"properties":{"type":"object","properties":{"type":{"type":"object","properties":{"type":{"type":"string"}}}}}}}}}}},"required":{"type":"object","properties":{"type":{"type":"string"},"items":{"type":"object","properties":{"type":{"type":"string"}}}}}}}}},"added":{"type":"object","properties":{"type":{"type":"string"},"properties":{"type":"object","properties":{"type":{"type":"object","properties":{"type":{"type":"string"}}},"items":{"type":"object","properties":{"type":{"type":"string"},"properties":{"type":"object","properties":{}}}}}}}},"removed":{"type":"object","properties":{"type":{"type":"string"},"properties":{"type":"object","properties":{"type":{"type":"object","properties":{"type":{"type":"string"}}},"items":{"type":"object","properties":{"type":{"type":"string"},"properties":{"type":"object","properties":{}}}}}}}},"modified":{"type":"object","properties":{"type":{"type":"string"},"properties":{"type":"object","properties":{"type":{"type":"object","properties":{"type":{"type":"string"}}},"items":{"type":"object","properties":{"type":{"type":"string"},"properties":{"type":"object","properties":{}}}}}}}}}}}},"required":{"type":"object","properties":{"type":{"type":"string"},"items":{"type":"object","properties":{"type":{"type":"string"}}}}}}}}}}}}},"required":{"type":"object","properties":{"type":{"type":"string"},"items":{"type":"object","properties":{"type":{"type":"string"}}}}}}}}}}},"HTTP":{"runAfter":{"Blob_url":["Succeeded"]},"type":"Http","inputs":{"method":"GET","uri":"@{outputs('Blob_url')}"}},"Create_file":{"runAfter":{"HTTP":["Succeeded"]},"metadata":{"flowSystemMetadata":{"swaggerOperationId":"CreateFile"}},"type":"ApiConnection","inputs":{"host":{"connection":{"name":"@parameters('$connections')['shared_onedriveforbusiness']['connectionId']"}},"method":"post","body":"@body('HTTP')","path":"/datasets/default/files","queries":{"folderPath":"/webhooks","name":"conor.png"},"authentication":"@parameters('$authentication')"},"runtimeConfiguration":{"contentTransfer":{"transferMode":"Chunked"}}},"filename":{"runAfter":{"Parse_JSON":["Succeeded"]},"type":"Compose","inputs":"@body('Parse_JSON')['commits'][0]['message']"},"Blob_url":{"runAfter":{"filename":["Succeeded"]},"type":"Compose","inputs":"https://raw.githubusercontent.com/Shayanrs31/Sample/master/@{outputs('filename')}"}}}},"schemaVersion":"1.0.0.0"}