{"schemaVersion":"1.0","appDefinitionTemplate":{"id":"/providers/Microsoft.PowerApps/apps/","type":"Microsoft.PowerApps/apps","tags":{"minimumRequiredApiVersion":"2.2.0"},"properties":{"appVersion":"2019-12-01T08:57:48Z","lifeCycleId":"Published","createdByClientVersion":{"major":3,"minor":19112,"build":26,"revision":0,"majorRevision":0,"minorRevision":0},"minClientVersion":{"major":3,"minor":19112,"build":26,"revision":0,"majorRevision":0,"minorRevision":0},"backgroundColor":"rgba(0, 176, 240, 1)","backgroundImageUri":"/13406101709665083716/N056b5402-f1d6-4c76-b4e4-3655b01856fc-logoSmallFile","displayName":"Dreidel","description":"","commitMessage":"","appUris":{"documentUri":{"value":"/13406101709665083716/Nec075a51-d47e-4311-ac2e-0d43de5f97bd-document.msapp","readonlyValue":"/13406101709665083716/Nec075a51-d47e-4311-ac2e-0d43de5f97bd-document.msapp"},"imageUris":[]},"createdTime":"0001-01-01T00:00:00Z","lastModifiedTime":"0001-01-01T00:00:00Z","sharedGroupsCount":0,"sharedUsersCount":0,"icons":{"smallIconUri":"/13406101709665083716/Nfcab581b-a01b-4183-98e9-46e89bd9f92c-small.png","mediumIconUri":"/13406101709665083716/Nc899e9f1-3c4e-4150-88e6-5010484d4b74-medium.png","largeIconUri":"/13406101709665083716/Nfe8df3e1-a70e-4904-8465-4ccb72a8213c-large.png","wideIconUri":"/13406101709665083716/N9bea67e4-6282-4591-9089-990fbf31782b-wide.png"},"connectionReferences":{"a4d4e1ab-5c6f-4e04-aa06-462cfc679f66":{"id":"45ef88f1-5635-4557-94c0-e79f285a4cf3","displayName":"Logic flows","iconUri":"https://resourcestackdeploy.blob.core.windows.net/scripts/13276078.png","dataSources":["PowerApp->GetItems,RespondtoaPowerApporflow,Compose"],"dependencies":[],"dependents":[],"parameterHints":{"workflowName":{"value":"ff8f1483-1f56-456e-9545-a644d264614d"}},"isOnPremiseConnection":false,"bypassConsent":false,"dataSets":{},"apiTier":"Standard","isCustomApiConnection":false}},"databaseReferences":{},"almMode":"Environment","performanceOptimizationEnabled":false,"canConsumeAppPass":true},"isAppComponentLibrary":false,"appComponents":[]}}